{
  "ts": "2025-10-08T19:25:11Z",
  "balance_usdt": 988.276583322085,
  "equity_total": 137530.46088510664,
  "upl_total": 0.0
}