{
  "ts": "2026-01-20T21:58:20Z",
  "balance_usdt": 10269.715239860348,
  "equity_total": 93239.1242984284,
  "upl_total": 0.0
}